"","corr","corr.weighted","glm.pval","glm.frac.dev"
"1",0.326765348490805,0.397055147402571,0.00012397103506192,0.156317250644364
