"","corr","corr.weighted","glm.pval","glm.frac.dev"
"1",0.327204008044843,0.397501639879647,0.000122538870794965,0.156570518604083
